,Fitness,Iteration,Mutation Rate,Population Size,Time,max_iters
0,10.0,0,0.3,300,0.006562899987329729,4096
1,12.0,1,0.3,300,0.03563469999062363,4096
2,12.0,2,0.3,300,0.09245999999984633,4096
3,15.0,3,0.3,300,0.13670439999259543,4096
4,72.0,4,0.3,300,0.1842292999936035,4096
5,73.0,5,0.3,300,0.25375599999097176,4096
6,75.0,6,0.3,300,0.30612579999433365,4096
7,77.0,7,0.3,300,0.3412619999871822,4096
8,80.0,8,0.3,300,0.38489379998645745,4096
9,80.0,9,0.3,300,0.45920129999285564,4096
10,80.0,10,0.3,300,0.5237840999907348,4096
11,80.0,11,0.3,300,0.5666282999882242,4096
12,80.0,12,0.3,300,0.6084169999958249,4096
13,80.0,13,0.3,300,0.6507719999935944,4096
14,80.0,14,0.3,300,0.7012721999926725,4096
15,80.0,15,0.3,300,0.7386125999910291,4096
16,84.0,16,0.3,300,0.7679181999992579,4096
17,85.0,17,0.3,300,0.814366799997515,4096
18,85.0,18,0.3,300,0.8453277999942657,4096
19,85.0,19,0.3,300,0.8896455999929458,4096
20,85.0,20,0.3,300,0.929854299989529,4096
21,85.0,21,0.3,300,0.9639345999894431,4096
22,89.0,22,0.3,300,0.9961231999914162,4096
23,89.0,23,0.3,300,1.0299811999866506,4096
24,89.0,24,0.3,300,1.059858999986318,4096
25,89.0,25,0.3,300,1.0938934999867342,4096
26,89.0,26,0.3,300,1.124921099995845,4096
27,89.0,27,0.3,300,1.1524759999883827,4096
28,92.0,28,0.3,300,1.186106999986805,4096
29,92.0,29,0.3,300,1.2228488999971887,4096
30,92.0,30,0.3,300,1.254426199986483,4096
31,92.0,31,0.3,300,1.2837412999942899,4096
32,92.0,32,0.3,300,1.316766899995855,4096
33,92.0,33,0.3,300,1.3969854999886593,4096
34,94.0,34,0.3,300,1.4437153999897419,4096
35,94.0,35,0.3,300,1.4783701999986079,4096
36,94.0,36,0.3,300,1.5075209999922663,4096
37,94.0,37,0.3,300,1.5384023999940837,4096
38,94.0,38,0.3,300,1.5670821999956388,4096
39,95.0,39,0.3,300,1.5950345999881392,4096
40,95.0,40,0.3,300,1.623699799994938,4096
41,95.0,41,0.3,300,1.6557197999936761,4096
42,95.0,42,0.3,300,1.6905740999936825,4096
43,95.0,43,0.3,300,1.7332162999955472,4096
44,95.0,44,0.3,300,1.7688866999960737,4096
45,97.0,45,0.3,300,1.8099015999905532,4096
46,97.0,46,0.3,300,1.853116799989948,4096
47,97.0,47,0.3,300,1.895988699994632,4096
48,97.0,48,0.3,300,1.940986999994493,4096
49,97.0,49,0.3,300,1.9825730999873485,4096
50,97.0,50,0.3,300,2.0615400999959093,4096
51,97.0,51,0.3,300,2.091480999995838,4096
52,102.0,52,0.3,300,2.122701699991012,4096
53,102.0,53,0.3,300,2.154232899993076,4096
54,102.0,54,0.3,300,2.1853438999969512,4096
55,102.0,55,0.3,300,2.2193452999927104,4096
56,102.0,56,0.3,300,2.2485369999922113,4096
57,102.0,57,0.3,300,2.280460999987554,4096
58,102.0,58,0.3,300,2.3114825999946333,4096
59,104.0,59,0.3,300,2.346156299987342,4096
60,104.0,60,0.3,300,2.393942499998957,4096
61,104.0,61,0.3,300,2.4240876999974716,4096
62,104.0,62,0.3,300,2.453515299988794,4096
63,104.0,63,0.3,300,2.4864218999864534,4096
64,104.0,64,0.3,300,2.515687399994931,4096
65,104.0,65,0.3,300,2.559755499998573,4096
66,108.0,66,0.3,300,2.5932828999939375,4096
67,108.0,67,0.3,300,2.628974199993536,4096
68,108.0,68,0.3,300,2.6677348999946844,4096
69,108.0,69,0.3,300,2.7159819999942556,4096
70,108.0,70,0.3,300,2.74901649999083,4096
71,108.0,71,0.3,300,2.7794451999943703,4096
72,108.0,72,0.3,300,2.8070719999959692,4096
73,108.0,73,0.3,300,2.842019799994887,4096
74,110.0,74,0.3,300,2.8732756999961566,4096
75,110.0,75,0.3,300,2.9092824999970617,4096
76,111.0,76,0.3,300,2.939968599996064,4096
77,111.0,77,0.3,300,2.9689706999924965,4096
78,111.0,78,0.3,300,2.996945799997775,4096
79,111.0,79,0.3,300,3.0299725999939255,4096
80,111.0,80,0.3,300,3.0667065999878105,4096
81,111.0,81,0.3,300,3.110228499994264,4096
82,111.0,82,0.3,300,3.145827399988775,4096
83,113.0,83,0.3,300,3.187244999993709,4096
84,113.0,84,0.3,300,3.2325126999930944,4096
85,115.0,85,0.3,300,3.279147399996873,4096
86,119.0,86,0.3,300,3.3278434999956517,4096
87,119.0,87,0.3,300,3.360352999996394,4096
88,120.0,88,0.3,300,3.3883093999902485,4096
89,120.0,89,0.3,300,3.417504099998041,4096
90,120.0,90,0.3,300,3.4464012999960687,4096
91,120.0,91,0.3,300,3.4764541999902576,4096
92,120.0,92,0.3,300,3.506184199999552,4096
93,120.0,93,0.3,300,3.5386877999990247,4096
94,120.0,94,0.3,300,3.5711277999944286,4096
95,120.0,95,0.3,300,3.6075351999897975,4096
96,120.0,96,0.3,300,3.6370477999880677,4096
97,120.0,97,0.3,300,3.67615489999298,4096
98,120.0,98,0.3,300,3.7164176999940537,4096
99,120.0,99,0.3,300,3.825065299999551,4096
100,120.0,100,0.3,300,3.863099999987753,4096
101,120.0,101,0.3,300,3.8986479999875883,4096
102,120.0,102,0.3,300,3.934882999994443,4096
103,120.0,103,0.3,300,3.978851099993335,4096
104,120.0,104,0.3,300,4.015024199994514,4096
105,120.0,105,0.3,300,4.05167889999575,4096
106,120.0,106,0.3,300,4.091467299993383,4096
107,120.0,107,0.3,300,4.1313296999869635,4096
108,120.0,108,0.3,300,4.287654899992049,4096
109,120.0,109,0.3,300,4.414905999990879,4096
110,120.0,110,0.3,300,4.556223199993838,4096
111,120.0,111,0.3,300,4.681698699991102,4096
112,120.0,112,0.3,300,4.829077899994445,4096
113,120.0,113,0.3,300,4.962144799996167,4096
114,120.0,114,0.3,300,5.051073199996608,4096
115,120.0,115,0.3,300,5.105013599997619,4096
116,120.0,116,0.3,300,5.168690399994375,4096
117,120.0,117,0.3,300,5.228878499998245,4096
118,120.0,118,0.3,300,5.281414599987329,4096
119,120.0,119,0.3,300,5.3284604999935254,4096
120,120.0,120,0.3,300,5.383722399987164,4096
121,120.0,121,0.3,300,5.444718999991892,4096
122,120.0,122,0.3,300,5.499719399987953,4096
123,120.0,123,0.3,300,5.616527899997891,4096
124,120.0,124,0.3,300,5.751320299998042,4096
125,120.0,125,0.3,300,5.8177524999919115,4096
126,120.0,126,0.3,300,5.863330299995141,4096
127,120.0,127,0.3,300,5.941144399999757,4096
128,120.0,128,0.3,300,6.011354699992808,4096
129,120.0,129,0.3,300,6.2791441999870585,4096
130,120.0,130,0.3,300,6.373491699996521,4096
131,120.0,131,0.3,300,6.439589499990689,4096
132,120.0,132,0.3,300,6.499771199989482,4096
133,120.0,133,0.3,300,6.5528432999999495,4096
134,120.0,134,0.3,300,6.589045199987595,4096
135,120.0,135,0.3,300,6.624003899996751,4096
136,120.0,136,0.3,300,6.660631199993077,4096
137,120.0,137,0.3,300,6.69281169999158,4096
138,120.0,138,0.3,300,6.723532099989825,4096
139,120.0,139,0.3,300,6.757522199986852,4096
140,120.0,140,0.3,300,6.790098699988448,4096
141,120.0,141,0.3,300,6.8231658000004245,4096
142,120.0,142,0.3,300,6.855500099991332,4096
143,120.0,143,0.3,300,6.892176800000016,4096
144,120.0,144,0.3,300,6.925166499990155,4096
145,120.0,145,0.3,300,6.95422569999937,4096
146,120.0,146,0.3,300,6.985698499993305,4096
147,120.0,147,0.3,300,7.017744299999322,4096
148,120.0,148,0.3,300,7.079714499996044,4096
149,120.0,149,0.3,300,7.12320329999784,4096
150,120.0,150,0.3,300,7.156369799995446,4096
151,120.0,151,0.3,300,7.196857099988847,4096
152,120.0,152,0.3,300,7.229113599998527,4096
153,120.0,153,0.3,300,7.259487299990724,4096
154,120.0,154,0.3,300,7.2967084999982035,4096
155,120.0,155,0.3,300,7.332827499994892,4096
156,120.0,156,0.3,300,7.377495499997167,4096
157,120.0,157,0.3,300,7.410023999997065,4096
158,120.0,158,0.3,300,7.440724000000046,4096
159,120.0,159,0.3,300,7.479833699995652,4096
160,120.0,160,0.3,300,7.511699399998179,4096
161,120.0,161,0.3,300,7.5495270999963395,4096
162,120.0,162,0.3,300,7.600881599995773,4096
163,120.0,163,0.3,300,7.661957699994673,4096
164,120.0,164,0.3,300,7.721166899995296,4096
165,120.0,165,0.3,300,7.7682208999904105,4096
166,120.0,166,0.3,300,7.806924199991045,4096
167,120.0,167,0.3,300,7.85781699999643,4096
168,120.0,168,0.3,300,7.889335100000608,4096
169,120.0,169,0.3,300,7.9255892999935895,4096
170,120.0,170,0.3,300,7.959095799989882,4096
171,120.0,171,0.3,300,7.990160299988929,4096
172,120.0,172,0.3,300,8.020619299990358,4096
173,120.0,173,0.3,300,8.04962729998806,4096
174,120.0,174,0.3,300,8.0791545999964,4096
175,120.0,175,0.3,300,8.108379199999035,4096
176,120.0,176,0.3,300,8.13952949999657,4096
177,120.0,177,0.3,300,8.173546999998507,4096
178,120.0,178,0.3,300,8.205725599997095,4096
179,120.0,179,0.3,300,8.236825799991493,4096
180,120.0,180,0.3,300,8.270272599998862,4096
181,120.0,181,0.3,300,8.30107479999424,4096
182,120.0,182,0.3,300,8.336002399999416,4096
183,120.0,183,0.3,300,8.375312999996822,4096
184,120.0,184,0.3,300,8.413131099994644,4096
185,120.0,185,0.3,300,8.444732399992063,4096
186,120.0,186,0.3,300,8.477260699990438,4096
187,120.0,187,0.3,300,8.509074999994482,4096
188,120.0,188,0.3,300,8.539212399991811,4096
189,120.0,189,0.3,300,8.568936799987569,4096
190,120.0,190,0.3,300,8.599687899986748,4096
191,120.0,191,0.3,300,8.631050399999367,4096
192,120.0,192,0.3,300,8.667384599990328,4096
193,120.0,193,0.3,300,8.709680999992997,4096
194,120.0,194,0.3,300,8.748828299998422,4096
195,120.0,195,0.3,300,8.785837799994624,4096
196,120.0,196,0.3,300,8.821153699987917,4096
197,120.0,197,0.3,300,8.854286699992372,4096
198,120.0,198,0.3,300,8.90495139999257,4096
199,120.0,199,0.3,300,8.953905099988333,4096
200,120.0,200,0.3,300,9.002766899997368,4096
201,120.0,201,0.3,300,9.049341299993102,4096
202,120.0,202,0.3,300,9.10447999999451,4096
203,120.0,203,0.3,300,9.145598799994332,4096
204,120.0,204,0.3,300,9.186795699992217,4096
205,120.0,205,0.3,300,9.220477299997583,4096
206,120.0,206,0.3,300,9.252935599986813,4096
207,120.0,207,0.3,300,9.283736199999112,4096
208,120.0,208,0.3,300,9.314945899997838,4096
209,120.0,209,0.3,300,9.348498399995151,4096
210,120.0,210,0.3,300,9.37905079999473,4096
211,120.0,211,0.3,300,9.41664869998931,4096
212,120.0,212,0.3,300,9.447254299986525,4096
213,120.0,213,0.3,300,9.493091500000446,4096
214,120.0,214,0.3,300,9.530785399998422,4096
215,120.0,215,0.3,300,9.566233199991984,4096
216,120.0,216,0.3,300,9.598387499994715,4096
217,120.0,217,0.3,300,9.6294584999996,4096
218,120.0,218,0.3,300,9.662843499987503,4096
219,120.0,219,0.3,300,9.712435899986303,4096
220,120.0,220,0.3,300,9.76719569999841,4096
221,120.0,221,0.3,300,9.854714599990984,4096
222,120.0,222,0.3,300,9.89584109999123,4096
223,120.0,223,0.3,300,9.938175799994497,4096
224,120.0,224,0.3,300,9.974028899989207,4096
225,120.0,225,0.3,300,10.009737899992615,4096
226,120.0,226,0.3,300,10.04759109999577,4096
227,120.0,227,0.3,300,10.093825199990533,4096
228,120.0,228,0.3,300,10.132926999998745,4096
229,120.0,229,0.3,300,10.176792699989164,4096
230,120.0,230,0.3,300,10.225093199987896,4096
231,120.0,231,0.3,300,10.295752399993944,4096
232,120.0,232,0.3,300,10.366987299988978,4096
233,120.0,233,0.3,300,10.426908099994762,4096
234,120.0,234,0.3,300,10.487113299997873,4096
235,120.0,235,0.3,300,10.53397109999787,4096
236,120.0,236,0.3,300,10.564871099995798,4096
237,120.0,237,0.3,300,10.619918699987466,4096
238,120.0,238,0.3,300,10.653328399988823,4096
239,120.0,239,0.3,300,10.700281699988409,4096
240,120.0,240,0.3,300,10.73814709999715,4096
241,120.0,241,0.3,300,10.776717599990661,4096
242,120.0,242,0.3,300,10.816302999999607,4096
243,120.0,243,0.3,300,10.854506499992567,4096
244,120.0,244,0.3,300,10.896628899994539,4096
245,120.0,245,0.3,300,10.99951529999089,4096
246,120.0,246,0.3,300,11.047473799990257,4096
247,120.0,247,0.3,300,11.092858099989826,4096
248,120.0,248,0.3,300,11.156757899996592,4096
249,120.0,249,0.3,300,11.23022869999113,4096
250,120.0,250,0.3,300,11.342463199995109,4096
251,120.0,251,0.3,300,11.414375899999868,4096
252,120.0,252,0.3,300,11.45850849999988,4096
253,120.0,253,0.3,300,11.512432499992428,4096
254,120.0,254,0.3,300,11.579826099987258,4096
255,120.0,255,0.3,300,11.651987799996277,4096
256,120.0,256,0.3,300,11.742622299992945,4096
257,120.0,257,0.3,300,11.86413299999549,4096
258,120.0,258,0.3,300,12.060538299992913,4096
259,120.0,259,0.3,300,12.151041099990834,4096
260,120.0,260,0.3,300,12.20229789998848,4096
261,120.0,261,0.3,300,12.257553099989309,4096
262,120.0,262,0.3,300,12.355968999996549,4096
263,120.0,263,0.3,300,12.514189099994837,4096
264,120.0,264,0.3,300,12.582166799998959,4096
265,120.0,265,0.3,300,12.644696199989994,4096
266,120.0,266,0.3,300,12.725135499989847,4096
267,120.0,267,0.3,300,12.797446799988393,4096
268,120.0,268,0.3,300,12.87585909999325,4096
269,120.0,269,0.3,300,12.931600999989314,4096
270,120.0,270,0.3,300,13.010394699987955,4096
271,120.0,271,0.3,300,13.099512599990703,4096
272,120.0,272,0.3,300,13.211334499996156,4096
273,120.0,273,0.3,300,13.306382999988273,4096
274,120.0,274,0.3,300,13.386658999996143,4096
275,120.0,275,0.3,300,13.453862700000172,4096
276,120.0,276,0.3,300,13.517970499990042,4096
277,120.0,277,0.3,300,13.581165899988264,4096
278,120.0,278,0.3,300,13.637716099998215,4096
279,120.0,279,0.3,300,13.699952199996915,4096
280,120.0,280,0.3,300,13.787972999998601,4096
281,120.0,281,0.3,300,13.881354099998134,4096
282,120.0,282,0.3,300,13.949397799995495,4096
283,120.0,283,0.3,300,13.994109399995068,4096
284,120.0,284,0.3,300,14.032542499990086,4096
285,120.0,285,0.3,300,14.068611099995906,4096
286,120.0,286,0.3,300,14.107193099989672,4096
287,120.0,287,0.3,300,14.151586799998768,4096
288,120.0,288,0.3,300,14.191007399989758,4096
289,120.0,289,0.3,300,14.227555899997242,4096
290,120.0,290,0.3,300,14.261486599993077,4096
291,120.0,291,0.3,300,14.294698999990942,4096
292,120.0,292,0.3,300,14.32675079999899,4096
293,120.0,293,0.3,300,14.361143499991158,4096
294,120.0,294,0.3,300,14.391571999993175,4096
295,120.0,295,0.3,300,14.423467199987499,4096
296,120.0,296,0.3,300,14.462266899994574,4096
297,120.0,297,0.3,300,14.492803099987213,4096
298,120.0,298,0.3,300,14.532629799999995,4096
299,120.0,299,0.3,300,14.575429099990288,4096
300,120.0,300,0.3,300,14.62693249998847,4096
301,120.0,301,0.3,300,14.688771099987207,4096
302,120.0,302,0.3,300,14.758374599987292,4096
303,120.0,303,0.3,300,14.83033009999781,4096
304,120.0,304,0.3,300,14.891620199996396,4096
305,120.0,305,0.3,300,14.941760899993824,4096
306,120.0,306,0.3,300,14.98843769999803,4096
307,120.0,307,0.3,300,15.039414799990482,4096
308,120.0,308,0.3,300,15.085658599986346,4096
309,120.0,309,0.3,300,15.13064139999915,4096
310,120.0,310,0.3,300,15.177513299990096,4096
311,120.0,311,0.3,300,15.229557399987243,4096
312,120.0,312,0.3,300,15.278594399991562,4096
313,120.0,313,0.3,300,15.327707499993267,4096
314,120.0,314,0.3,300,15.37728299999435,4096
315,120.0,315,0.3,300,15.424963199999183,4096
316,120.0,316,0.3,300,15.470775699999649,4096
317,120.0,317,0.3,300,15.515844699999434,4096
318,120.0,318,0.3,300,15.555936299992027,4096
319,120.0,319,0.3,300,15.588041799986968,4096
320,120.0,320,0.3,300,15.621476799991797,4096
321,120.0,321,0.3,300,15.655897599994205,4096
322,120.0,322,0.3,300,15.692236899994896,4096
323,120.0,323,0.3,300,15.729556699996465,4096
324,120.0,324,0.3,300,15.764391399992746,4096
325,120.0,325,0.3,300,15.80001559999073,4096
326,120.0,326,0.3,300,15.832502499994007,4096
327,120.0,327,0.3,300,15.873230299999705,4096
328,120.0,328,0.3,300,15.918736099993112,4096
329,120.0,329,0.3,300,15.968922399988514,4096
330,120.0,330,0.3,300,16.027722799990443,4096
331,120.0,331,0.3,300,16.108748099999502,4096
332,120.0,332,0.3,300,16.180973700000322,4096
333,120.0,333,0.3,300,16.236928399986937,4096
334,120.0,334,0.3,300,16.271563499991316,4096
335,120.0,335,0.3,300,16.305367699998897,4096
336,120.0,336,0.3,300,16.33862959999533,4096
337,120.0,337,0.3,300,16.37193889998889,4096
338,120.0,338,0.3,300,16.40624709999247,4096
339,120.0,339,0.3,300,16.44075479998719,4096
340,120.0,340,0.3,300,16.474267499987036,4096
341,120.0,341,0.3,300,16.511277499987045,4096
342,120.0,342,0.3,300,16.54625609998766,4096
343,120.0,343,0.3,300,16.582241199997952,4096
344,120.0,344,0.3,300,16.617539499988197,4096
345,120.0,345,0.3,300,16.652884699986316,4096
346,120.0,346,0.3,300,16.691803999987314,4096
347,120.0,347,0.3,300,16.724581699992996,4096
348,120.0,348,0.3,300,16.757030099994154,4096
349,120.0,349,0.3,300,16.794269199992414,4096
350,120.0,350,0.3,300,16.841270499993698,4096
351,120.0,351,0.3,300,16.890747899989947,4096
352,120.0,352,0.3,300,16.942549599989434,4096
353,120.0,353,0.3,300,16.98292079998646,4096
354,120.0,354,0.3,300,17.021041699990747,4096
355,120.0,355,0.3,300,17.054055699991295,4096
356,120.0,356,0.3,300,17.097281599999405,4096
357,120.0,357,0.3,300,17.133190999986255,4096
358,120.0,358,0.3,300,17.169079699990107,4096
359,120.0,359,0.3,300,17.199524299998302,4096
360,120.0,360,0.3,300,17.240397099987604,4096
361,120.0,361,0.3,300,17.288782599993283,4096
362,120.0,362,0.3,300,17.34829299998819,4096
363,120.0,363,0.3,300,17.41262019998976,4096
364,120.0,364,0.3,300,17.472370699993917,4096
365,120.0,365,0.3,300,17.52325529999507,4096
366,120.0,366,0.3,300,17.567902499999036,4096
367,120.0,367,0.3,300,17.599964099994395,4096
368,120.0,368,0.3,300,17.629294099999242,4096
369,120.0,369,0.3,300,17.66011929999513,4096
370,120.0,370,0.3,300,17.696474299998954,4096
371,120.0,371,0.3,300,17.731837499988615,4096
372,120.0,372,0.3,300,17.76702899999509,4096
373,120.0,373,0.3,300,17.800274599998374,4096
374,120.0,374,0.3,300,17.83177569998952,4096
375,120.0,375,0.3,300,17.86931339999137,4096
376,120.0,376,0.3,300,17.904524799989304,4096
377,120.0,377,0.3,300,17.937974699991173,4096
378,120.0,378,0.3,300,17.971713299994008,4096
379,120.0,379,0.3,300,18.006891699988046,4096
380,120.0,380,0.3,300,18.04166199998872,4096
381,120.0,381,0.3,300,18.074178499999107,4096
382,120.0,382,0.3,300,18.10899329998938,4096
383,120.0,383,0.3,300,18.144759999995586,4096
384,120.0,384,0.3,300,18.178602999993018,4096
385,120.0,385,0.3,300,18.21697489998769,4096
386,120.0,386,0.3,300,18.25635019999754,4096
387,120.0,387,0.3,300,18.288383799997973,4096
388,120.0,388,0.3,300,18.31943350000074,4096
389,120.0,389,0.3,300,18.35156099998858,4096
390,120.0,390,0.3,300,18.381485399993835,4096
391,120.0,391,0.3,300,18.411625199994887,4096
392,120.0,392,0.3,300,18.441219099986483,4096
393,120.0,393,0.3,300,18.471044599995366,4096
394,120.0,394,0.3,300,18.501534999988507,4096
395,120.0,395,0.3,300,18.536062399987713,4096
396,120.0,396,0.3,300,18.57401579999714,4096
397,120.0,397,0.3,300,18.615410499987775,4096
398,120.0,398,0.3,300,18.671232799999416,4096
399,120.0,399,0.3,300,18.747331299993675,4096
400,120.0,400,0.3,300,18.80441099999007,4096
401,120.0,401,0.3,300,18.861229199988884,4096
402,120.0,402,0.3,300,18.926570299998275,4096
403,120.0,403,0.3,300,18.990712899991195,4096
404,120.0,404,0.3,300,19.043072000000393,4096
405,120.0,405,0.3,300,19.097319299995434,4096
406,120.0,406,0.3,300,19.13963339998736,4096
407,120.0,407,0.3,300,19.176299699989613,4096
408,120.0,408,0.3,300,19.226409799986868,4096
409,120.0,409,0.3,300,19.264018299989402,4096
410,120.0,410,0.3,300,19.306644599986612,4096
411,120.0,411,0.3,300,19.342448999988846,4096
412,120.0,412,0.3,300,19.377968999993755,4096
413,120.0,413,0.3,300,19.41112209999119,4096
414,120.0,414,0.3,300,19.448563999991165,4096
415,120.0,415,0.3,300,19.4786075999873,4096
416,120.0,416,0.3,300,19.51983520000067,4096
417,120.0,417,0.3,300,19.55094519999693,4096
418,120.0,418,0.3,300,19.584900099987863,4096
419,120.0,419,0.3,300,19.618384299988975,4096
420,120.0,420,0.3,300,19.647300199998426,4096
421,120.0,421,0.3,300,19.6948560999881,4096
422,120.0,422,0.3,300,19.733892999996897,4096
423,120.0,423,0.3,300,19.76886929999455,4096
424,120.0,424,0.3,300,19.805697299991152,4096
425,120.0,425,0.3,300,19.842716299986932,4096
426,120.0,426,0.3,300,19.88698409999779,4096
427,120.0,427,0.3,300,19.94892739999341,4096
428,120.0,428,0.3,300,20.01005109999096,4096
429,120.0,429,0.3,300,20.074076899996726,4096
430,120.0,430,0.3,300,20.12494159999187,4096
431,120.0,431,0.3,300,20.16929849999724,4096
432,120.0,432,0.3,300,20.220144499995513,4096
433,120.0,433,0.3,300,20.24988379998831,4096
434,120.0,434,0.3,300,20.281357799991383,4096
435,120.0,435,0.3,300,20.316589599999133,4096
436,120.0,436,0.3,300,20.352218899992295,4096
437,120.0,437,0.3,300,20.384919299991452,4096
438,120.0,438,0.3,300,20.41935329999251,4096
439,120.0,439,0.3,300,20.453057999999146,4096
440,120.0,440,0.3,300,20.487538199988194,4096
441,120.0,441,0.3,300,20.525079799990635,4096
442,120.0,442,0.3,300,20.59003589999338,4096
443,120.0,443,0.3,300,20.650330899996334,4096
444,120.0,444,0.3,300,20.692425999994157,4096
445,120.0,445,0.3,300,20.725050699998974,4096
446,120.0,446,0.3,300,20.75619369999913,4096
447,120.0,447,0.3,300,20.789268999986234,4096
448,120.0,448,0.3,300,20.823597199996584,4096
449,120.0,449,0.3,300,20.854305699991528,4096
450,120.0,450,0.3,300,20.883818799993605,4096
451,120.0,451,0.3,300,20.914517599987448,4096
452,120.0,452,0.3,300,20.944524099992123,4096
453,120.0,453,0.3,300,20.974623399990378,4096
454,120.0,454,0.3,300,21.011762299996917,4096
455,120.0,455,0.3,300,21.042093500000192,4096
456,120.0,456,0.3,300,21.072182999996585,4096
457,120.0,457,0.3,300,21.10191539999505,4096
458,120.0,458,0.3,300,21.131574099999852,4096
459,120.0,459,0.3,300,21.16259480000008,4096
460,120.0,460,0.3,300,21.196181699997396,4096
461,120.0,461,0.3,300,21.23786769999424,4096
462,120.0,462,0.3,300,21.333531899988884,4096
463,120.0,463,0.3,300,21.387500999990152,4096
464,120.0,464,0.3,300,21.432191999992938,4096
465,120.0,465,0.3,300,21.518496699995012,4096
466,120.0,466,0.3,300,21.568095799986622,4096
467,120.0,467,0.3,300,21.605681099987123,4096
468,120.0,468,0.3,300,21.642464199991082,4096
469,120.0,469,0.3,300,21.683397099986905,4096
470,120.0,470,0.3,300,21.71871139999712,4096
471,120.0,471,0.3,300,21.750043299995014,4096
472,120.0,472,0.3,300,21.779123199987225,4096
473,120.0,473,0.3,300,21.80860109999776,4096
474,120.0,474,0.3,300,21.84000319999177,4096
475,120.0,475,0.3,300,21.873407399994903,4096
476,120.0,476,0.3,300,21.905499699991196,4096
477,120.0,477,0.3,300,21.999091699995915,4096
478,120.0,478,0.3,300,22.05968039999425,4096
479,120.0,479,0.3,300,22.1155776999949,4096
480,120.0,480,0.3,300,22.169941099986318,4096
481,120.0,481,0.3,300,22.275422699996852,4096
482,120.0,482,0.3,300,22.34673059999477,4096
483,120.0,483,0.3,300,22.453670199989574,4096
484,120.0,484,0.3,300,22.51431089999096,4096
485,120.0,485,0.3,300,22.556406999996398,4096
486,120.0,486,0.3,300,22.607284199999413,4096
487,120.0,487,0.3,300,22.679664399998728,4096
488,120.0,488,0.3,300,22.748175599990645,4096
489,120.0,489,0.3,300,22.814689299993915,4096
490,120.0,490,0.3,300,22.880259999990813,4096
491,120.0,491,0.3,300,22.936750999986543,4096
492,120.0,492,0.3,300,22.99355509999441,4096
493,120.0,493,0.3,300,23.05306739998923,4096
494,120.0,494,0.3,300,23.10718469999847,4096
495,120.0,495,0.3,300,23.160723999986658,4096
496,120.0,496,0.3,300,23.21402329999546,4096
497,120.0,497,0.3,300,23.274668099998962,4096
498,120.0,498,0.3,300,23.33078459999524,4096
499,120.0,499,0.3,300,23.392466399993282,4096
500,120.0,500,0.3,300,23.44658389998949,4096
501,120.0,501,0.3,300,23.506534999993164,4096
502,120.0,502,0.3,300,23.55683409998892,4096
503,120.0,503,0.3,300,23.615354299996397,4096
504,120.0,504,0.3,300,23.689212499986752,4096
505,120.0,505,0.3,300,23.77151329998742,4096
506,120.0,506,0.3,300,23.866414099989925,4096
507,120.0,507,0.3,300,23.94450839998899,4096
508,120.0,508,0.3,300,24.0584194999974,4096
509,120.0,509,0.3,300,24.16735739998694,4096
510,120.0,510,0.3,300,24.285114999991492,4096
511,120.0,511,0.3,300,24.387730399990687,4096
512,120.0,512,0.3,300,24.5513321999897,4096
513,120.0,513,0.3,300,24.693911199996364,4096
514,120.0,514,0.3,300,24.830437099997653,4096
515,120.0,515,0.3,300,24.912100699992152,4096
516,120.0,516,0.3,300,24.98415429999295,4096
517,120.0,517,0.3,300,25.052980799999204,4096
518,120.0,518,0.3,300,25.122290599989356,4096
519,120.0,519,0.3,300,25.199545499999658,4096
520,120.0,520,0.3,300,25.27874099998735,4096
521,120.0,521,0.3,300,25.3598287999921,4096
522,120.0,522,0.3,300,25.445718899994972,4096
523,120.0,523,0.3,300,25.495063700000173,4096
524,120.0,524,0.3,300,25.532135699992068,4096
525,120.0,525,0.3,300,25.56390919999103,4096
526,120.0,526,0.3,300,25.59661709998909,4096
527,120.0,527,0.3,300,25.630126599993673,4096
528,120.0,528,0.3,300,25.679500199999893,4096
529,120.0,529,0.3,300,25.73366069998883,4096
530,120.0,530,0.3,300,25.80887909999001,4096
531,120.0,531,0.3,300,25.897689799996442,4096
532,120.0,532,0.3,300,25.97347909999371,4096
533,120.0,533,0.3,300,26.074542899994412,4096
534,120.0,534,0.3,300,26.158063199996832,4096
535,120.0,535,0.3,300,26.218534100000397,4096
536,120.0,536,0.3,300,26.3112126999913,4096
537,120.0,537,0.3,300,26.37585259998741,4096
538,120.0,538,0.3,300,26.44461419999425,4096
539,120.0,539,0.3,300,26.528254199991352,4096
540,120.0,540,0.3,300,26.60286639998958,4096
541,120.0,541,0.3,300,26.66548269998748,4096
542,120.0,542,0.3,300,26.73227579999366,4096
543,120.0,543,0.3,300,26.84554009999556,4096
544,120.0,544,0.3,300,26.953245400000014,4096
545,120.0,545,0.3,300,27.029596899999888,4096
546,120.0,546,0.3,300,27.143595699992147,4096
547,120.0,547,0.3,300,27.18676329999289,4096
548,120.0,548,0.3,300,27.23078519999399,4096
549,120.0,549,0.3,300,27.28279979999934,4096
550,120.0,550,0.3,300,27.338134699995862,4096
551,120.0,551,0.3,300,27.44196529999317,4096
552,120.0,552,0.3,300,27.4909512999875,4096
553,120.0,553,0.3,300,27.550625799995032,4096
554,120.0,554,0.3,300,27.598659600000246,4096
555,120.0,555,0.3,300,27.640231699988362,4096
556,120.0,556,0.3,300,27.69043669999519,4096
557,120.0,557,0.3,300,27.738255099990056,4096
558,120.0,558,0.3,300,27.785782299994025,4096
559,120.0,559,0.3,300,27.824663899998995,4096
560,120.0,560,0.3,300,27.87265559998923,4096
561,120.0,561,0.3,300,27.919444799990742,4096
562,120.0,562,0.3,300,27.96236059999501,4096
563,120.0,563,0.3,300,28.005249099995126,4096
564,120.0,564,0.3,300,28.052705899986904,4096
565,120.0,565,0.3,300,28.105374399994616,4096
566,120.0,566,0.3,300,28.15147059998708,4096
567,120.0,567,0.3,300,28.201396699994802,4096
568,120.0,568,0.3,300,28.250864599991473,4096
569,120.0,569,0.3,300,28.295701299997745,4096
570,120.0,570,0.3,300,28.337216699990677,4096
571,120.0,571,0.3,300,28.39654529999825,4096
572,120.0,572,0.3,300,28.468931199997314,4096
573,120.0,573,0.3,300,28.540007999996305,4096
574,120.0,574,0.3,300,28.61313369999698,4096
575,120.0,575,0.3,300,28.697083099992597,4096
576,120.0,576,0.3,300,28.773086499990313,4096
577,120.0,577,0.3,300,28.853888799989363,4096
578,120.0,578,0.3,300,28.90414879999298,4096
579,120.0,579,0.3,300,28.952349299986963,4096
580,120.0,580,0.3,300,29.004409299988765,4096
581,120.0,581,0.3,300,29.064706199991633,4096
582,120.0,582,0.3,300,29.129422799989698,4096
583,120.0,583,0.3,300,29.174538399995072,4096
584,120.0,584,0.3,300,29.278499699998065,4096
585,120.0,585,0.3,300,29.37904489999346,4096
586,120.0,586,0.3,300,29.435472699988168,4096
587,120.0,587,0.3,300,29.493133699987084,4096
588,120.0,588,0.3,300,29.541094799991697,4096
589,120.0,589,0.3,300,29.620564199998626,4096
590,120.0,590,0.3,300,29.68688419999671,4096
591,120.0,591,0.3,300,29.738889699990978,4096
592,120.0,592,0.3,300,29.789277299991227,4096
593,120.0,593,0.3,300,29.837512099999003,4096
594,120.0,594,0.3,300,29.900375599987456,4096
595,120.0,595,0.3,300,29.96889759998885,4096
596,120.0,596,0.3,300,30.03969929998857,4096
597,120.0,597,0.3,300,30.11921710000024,4096
598,120.0,598,0.3,300,30.197816199986846,4096
599,120.0,599,0.3,300,30.272195899990038,4096
600,120.0,600,0.3,300,30.321269299995038,4096
601,120.0,601,0.3,300,30.36845739999262,4096
602,120.0,602,0.3,300,30.420068899999023,4096
603,120.0,603,0.3,300,30.46678579998843,4096
604,120.0,604,0.3,300,30.517074699993827,4096
605,120.0,605,0.3,300,30.558995799990953,4096
606,120.0,606,0.3,300,30.601514899986796,4096
607,120.0,607,0.3,300,30.640526299990597,4096
608,120.0,608,0.3,300,30.67678270000033,4096
609,120.0,609,0.3,300,30.70613219999359,4096
610,120.0,610,0.3,300,30.736000399992918,4096
611,120.0,611,0.3,300,30.768788399989717,4096
612,120.0,612,0.3,300,30.799114399997052,4096
613,120.0,613,0.3,300,30.83230479998747,4096
614,120.0,614,0.3,300,30.870213499991223,4096
615,120.0,615,0.3,300,30.9169763999962,4096
616,120.0,616,0.3,300,30.965146399990772,4096
617,120.0,617,0.3,300,31.005422499991255,4096
618,120.0,618,0.3,300,31.0555289999902,4096
619,120.0,619,0.3,300,31.112593699988793,4096
620,120.0,620,0.3,300,31.155265199995483,4096
621,120.0,621,0.3,300,31.202616999988095,4096
622,120.0,622,0.3,300,31.25524279999081,4096
623,120.0,623,0.3,300,31.319224899998517,4096
624,120.0,624,0.3,300,31.393352599989157,4096
625,120.0,625,0.3,300,31.455888699987554,4096
626,120.0,626,0.3,300,31.53603759998805,4096
627,120.0,627,0.3,300,31.619636999996146,4096
628,120.0,628,0.3,300,31.699225099990144,4096
629,120.0,629,0.3,300,31.75905499998771,4096
630,120.0,630,0.3,300,31.808785299988813,4096
631,120.0,631,0.3,300,31.868126899993513,4096
632,120.0,632,0.3,300,31.931853599991882,4096
633,120.0,633,0.3,300,31.98312389999046,4096
634,120.0,634,0.3,300,32.029634499995154,4096
635,120.0,635,0.3,300,32.0717081999901,4096
636,120.0,636,0.3,300,32.110350199989625,4096
637,120.0,637,0.3,300,32.152229999992414,4096
638,120.0,638,0.3,300,32.256764099991415,4096
639,120.0,639,0.3,300,32.3318014999968,4096
640,120.0,640,0.3,300,32.378314499990665,4096
641,120.0,641,0.3,300,32.4545736,4096
642,120.0,642,0.3,300,32.50718380000035,4096
643,120.0,643,0.3,300,32.563863599993056,4096
644,120.0,644,0.3,300,32.604095099988626,4096
645,120.0,645,0.3,300,32.65434449999884,4096
646,120.0,646,0.3,300,32.738026599996374,4096
647,120.0,647,0.3,300,32.813865099989926,4096
648,120.0,648,0.3,300,32.90257649999694,4096
649,120.0,649,0.3,300,32.96831449998717,4096
650,120.0,650,0.3,300,33.03474479999568,4096
651,120.0,651,0.3,300,33.085573999996996,4096
652,120.0,652,0.3,300,33.12291439999535,4096
653,120.0,653,0.3,300,33.15579879999859,4096
654,120.0,654,0.3,300,33.18726209999295,4096
655,120.0,655,0.3,300,33.22365609998815,4096
656,120.0,656,0.3,300,33.25449909998861,4096
657,120.0,657,0.3,300,33.284179599999334,4096
658,120.0,658,0.3,300,33.31466079999518,4096
659,120.0,659,0.3,300,33.35325989998819,4096
660,120.0,660,0.3,300,33.38400489999913,4096
661,120.0,661,0.3,300,33.418065599995316,4096
662,120.0,662,0.3,300,33.44932789998711,4096
663,120.0,663,0.3,300,33.47971939999843,4096
664,120.0,664,0.3,300,33.51100210000004,4096
665,120.0,665,0.3,300,33.54206959999283,4096
666,120.0,666,0.3,300,33.57091509999009,4096
667,120.0,667,0.3,300,33.602758399996674,4096
668,120.0,668,0.3,300,33.6390534999955,4096
669,120.0,669,0.3,300,33.67342619999545,4096
670,120.0,670,0.3,300,33.71431259998644,4096
671,120.0,671,0.3,300,33.759459900000365,4096
672,120.0,672,0.3,300,33.801101799996104,4096
673,120.0,673,0.3,300,33.84702269999252,4096
674,120.0,674,0.3,300,33.88629260000016,4096
675,120.0,675,0.3,300,33.92742379999254,4096
676,120.0,676,0.3,300,33.95910079999885,4096
677,120.0,677,0.3,300,33.98926399998891,4096
678,120.0,678,0.3,300,34.02497489999223,4096
679,120.0,679,0.3,300,34.06089539999084,4096
680,120.0,680,0.3,300,34.100403699994786,4096
681,120.0,681,0.3,300,34.14694599999348,4096
682,120.0,682,0.3,300,34.19384509998781,4096
683,120.0,683,0.3,300,34.24633819999872,4096
684,120.0,684,0.3,300,34.28556419999222,4096
685,120.0,685,0.3,300,34.32840589999978,4096
686,120.0,686,0.3,300,34.374856799986446,4096
687,120.0,687,0.3,300,34.40799719998904,4096
688,120.0,688,0.3,300,34.44097279998823,4096
689,120.0,689,0.3,300,34.474205199992866,4096
690,120.0,690,0.3,300,34.51356369999121,4096
691,120.0,691,0.3,300,34.561146799998824,4096
692,120.0,692,0.3,300,34.60464079999656,4096
693,120.0,693,0.3,300,34.65093329999945,4096
694,120.0,694,0.3,300,34.69567719999759,4096
695,120.0,695,0.3,300,34.74374779999198,4096
696,120.0,696,0.3,300,34.78442679998989,4096
697,120.0,697,0.3,300,34.82769289999851,4096
698,120.0,698,0.3,300,34.87445909999951,4096
699,120.0,699,0.3,300,34.91735699999845,4096
700,120.0,700,0.3,300,34.960562799999025,4096
701,120.0,701,0.3,300,35.005372799991164,4096
702,120.0,702,0.3,300,35.055310399999144,4096
703,120.0,703,0.3,300,35.09403559999191,4096
704,120.0,704,0.3,300,35.14325129998906,4096
705,120.0,705,0.3,300,35.207431999995606,4096
706,120.0,706,0.3,300,35.25575639998715,4096
707,120.0,707,0.3,300,35.30199469999934,4096
708,120.0,708,0.3,300,35.346203099994455,4096
709,120.0,709,0.3,300,35.421120899991365,4096
710,120.0,710,0.3,300,35.496631599991815,4096
711,120.0,711,0.3,300,35.56816319999052,4096
712,120.0,712,0.3,300,35.63907589999144,4096
713,120.0,713,0.3,300,35.73481009999523,4096
714,120.0,714,0.3,300,35.79968569999619,4096
715,120.0,715,0.3,300,35.862595200000214,4096
716,120.0,716,0.3,300,35.93073109998659,4096
717,120.0,717,0.3,300,35.984581599986996,4096
718,120.0,718,0.3,300,36.026891399989836,4096
719,120.0,719,0.3,300,36.06794779999473,4096
720,120.0,720,0.3,300,36.105475099990144,4096
721,120.0,721,0.3,300,36.1531052999926,4096
722,120.0,722,0.3,300,36.20781319998787,4096
723,120.0,723,0.3,300,36.25332179998804,4096
724,120.0,724,0.3,300,36.30402569999569,4096
725,120.0,725,0.3,300,36.349365299989586,4096
726,120.0,726,0.3,300,36.39263349999965,4096
727,120.0,727,0.3,300,36.43415399998776,4096
728,120.0,728,0.3,300,36.46619969999301,4096
729,120.0,729,0.3,300,36.50117709999904,4096
730,120.0,730,0.3,300,36.53691889999027,4096
731,120.0,731,0.3,300,36.56891319999704,4096
732,120.0,732,0.3,300,36.59990309999557,4096
733,120.0,733,0.3,300,36.630356499998015,4096
734,120.0,734,0.3,300,36.66585099999793,4096
735,120.0,735,0.3,300,36.708119099988835,4096
736,120.0,736,0.3,300,36.75318429998879,4096
737,120.0,737,0.3,300,36.814165299991146,4096
738,120.0,738,0.3,300,36.880392099992605,4096
739,120.0,739,0.3,300,36.95466239999223,4096
740,120.0,740,0.3,300,37.01760509998712,4096
741,120.0,741,0.3,300,37.11008809998748,4096
742,120.0,742,0.3,300,37.20135669999581,4096
743,120.0,743,0.3,300,37.26681199998711,4096
744,120.0,744,0.3,300,37.317835099995136,4096
745,120.0,745,0.3,300,37.36668809999537,4096
746,120.0,746,0.3,300,37.44872519999626,4096
747,120.0,747,0.3,300,37.547601799989934,4096
748,120.0,748,0.3,300,37.65472679999948,4096
749,120.0,749,0.3,300,37.72333649999928,4096
750,120.0,750,0.3,300,37.77404910000041,4096
751,120.0,751,0.3,300,37.82885279999755,4096
752,120.0,752,0.3,300,37.8811449999921,4096
753,120.0,753,0.3,300,37.92566189999343,4096
754,120.0,754,0.3,300,37.95958389999578,4096
755,120.0,755,0.3,300,37.990491899996414,4096
756,120.0,756,0.3,300,38.023476399990614,4096
757,120.0,757,0.3,300,38.056106699994416,4096
758,120.0,758,0.3,300,38.087168199999724,4096
759,120.0,759,0.3,300,38.11789009999484,4096
760,120.0,760,0.3,300,38.15899319999153,4096
761,120.0,761,0.3,300,38.199963999999454,4096
762,120.0,762,0.3,300,38.255811499999254,4096
763,120.0,763,0.3,300,38.33745619999536,4096
764,120.0,764,0.3,300,38.41675859999668,4096
765,120.0,765,0.3,300,38.49526839998725,4096
766,120.0,766,0.3,300,38.574210999999195,4096
767,120.0,767,0.3,300,38.64723179998691,4096
768,120.0,768,0.3,300,38.711561299991445,4096
769,120.0,769,0.3,300,38.76244459999725,4096
770,120.0,770,0.3,300,38.808286699990276,4096
771,120.0,771,0.3,300,38.84917239999049,4096
772,120.0,772,0.3,300,38.89902749999601,4096
773,120.0,773,0.3,300,38.949428799998714,4096
774,120.0,774,0.3,300,38.996896199998446,4096
775,120.0,775,0.3,300,39.044411599999876,4096
776,120.0,776,0.3,300,39.085006900000735,4096
777,120.0,777,0.3,300,39.13112869999895,4096
778,120.0,778,0.3,300,39.17798069999844,4096
779,120.0,779,0.3,300,39.22650599999179,4096
780,120.0,780,0.3,300,39.26976479998848,4096
781,120.0,781,0.3,300,39.31556779998937,4096
782,120.0,782,0.3,300,39.368155899996054,4096
783,120.0,783,0.3,300,39.41270919999806,4096
784,120.0,784,0.3,300,39.4521301999921,4096
785,120.0,785,0.3,300,39.49058789999981,4096
786,120.0,786,0.3,300,39.53071279999858,4096
787,120.0,787,0.3,300,39.57253889999993,4096
788,120.0,788,0.3,300,39.61633509999956,4096
789,120.0,789,0.3,300,39.676183399991714,4096
790,120.0,790,0.3,300,39.75192329999118,4096
791,120.0,791,0.3,300,39.82172629999695,4096
792,120.0,792,0.3,300,39.898537399989436,4096
793,120.0,793,0.3,300,39.9792560999922,4096
794,120.0,794,0.3,300,40.07460769999307,4096
795,120.0,795,0.3,300,40.130564799997956,4096
796,120.0,796,0.3,300,40.17869969998719,4096
797,120.0,797,0.3,300,40.22591129998909,4096
798,120.0,798,0.3,300,40.2752380999882,4096
799,120.0,799,0.3,300,40.32383850000042,4096
800,120.0,800,0.3,300,40.361389199999394,4096
801,120.0,801,0.3,300,40.39516269999149,4096
802,120.0,802,0.3,300,40.42633669999486,4096
803,120.0,803,0.3,300,40.45551259999047,4096
804,120.0,804,0.3,300,40.489520999995875,4096
805,120.0,805,0.3,300,40.520637499997974,4096
806,120.0,806,0.3,300,40.5499478999991,4096
807,120.0,807,0.3,300,40.58304069998849,4096
808,120.0,808,0.3,300,40.613908699990134,4096
809,120.0,809,0.3,300,40.655128099999274,4096
810,120.0,810,0.3,300,40.70085679998738,4096
811,120.0,811,0.3,300,40.754430099987076,4096
812,120.0,812,0.3,300,40.808826799999224,4096
813,120.0,813,0.3,300,40.86844469999778,4096
814,120.0,814,0.3,300,40.92271909999545,4096
815,120.0,815,0.3,300,40.97917459999735,4096
816,120.0,816,0.3,300,41.02771379999467,4096
817,120.0,817,0.3,300,41.078564199997345,4096
818,120.0,818,0.3,300,41.142221299989615,4096
819,120.0,819,0.3,300,41.191194699989865,4096
820,120.0,820,0.3,300,41.311784499994246,4096
821,120.0,821,0.3,300,41.40156999998726,4096
822,120.0,822,0.3,300,41.4808395,4096
823,120.0,823,0.3,300,41.54359229998954,4096
824,120.0,824,0.3,300,41.59312739998859,4096
825,120.0,825,0.3,300,41.64064409999992,4096
826,120.0,826,0.3,300,41.69228199998906,4096
827,120.0,827,0.3,300,41.75008959999832,4096
828,120.0,828,0.3,300,41.7948078999907,4096
829,120.0,829,0.3,300,41.84451589999662,4096
830,120.0,830,0.3,300,41.89027399999031,4096
831,120.0,831,0.3,300,41.927064799994696,4096
832,120.0,832,0.3,300,41.973650699990685,4096
833,120.0,833,0.3,300,42.014442499988945,4096
834,120.0,834,0.3,300,42.06169519999821,4096
835,120.0,835,0.3,300,42.10884389998682,4096
836,120.0,836,0.3,300,42.15656289999606,4096
837,120.0,837,0.3,300,42.20620019998751,4096
838,120.0,838,0.3,300,42.259147199991276,4096
839,120.0,839,0.3,300,42.30522579999524,4096
840,120.0,840,0.3,300,42.34470769998734,4096
841,120.0,841,0.3,300,42.38441459999012,4096
842,120.0,842,0.3,300,42.43273329999647,4096
843,120.0,843,0.3,300,42.46466829998826,4096
844,120.0,844,0.3,300,42.49584389998927,4096
845,120.0,845,0.3,300,42.54168419999769,4096
846,120.0,846,0.3,300,42.58422839999548,4096
847,120.0,847,0.3,300,42.62425759999314,4096
848,120.0,848,0.3,300,42.7087729999912,4096
849,120.0,849,0.3,300,42.792471099994145,4096
850,120.0,850,0.3,300,42.86197299999185,4096
851,120.0,851,0.3,300,42.91840149999189,4096
852,120.0,852,0.3,300,42.96594769999501,4096
853,120.0,853,0.3,300,43.009156799991615,4096
854,120.0,854,0.3,300,43.08347279998998,4096
855,120.0,855,0.3,300,43.156046599993715,4096
856,120.0,856,0.3,300,43.235508799989475,4096
857,120.0,857,0.3,300,43.32057869998971,4096
858,120.0,858,0.3,300,43.387385499998345,4096
859,120.0,859,0.3,300,43.44776979999733,4096
860,120.0,860,0.3,300,43.48916919999465,4096
861,120.0,861,0.3,300,43.53963799998746,4096
862,120.0,862,0.3,300,43.593886099988595,4096
863,120.0,863,0.3,300,43.63479219999863,4096
864,120.0,864,0.3,300,43.68196629999147,4096
865,120.0,865,0.3,300,43.72275709999667,4096
866,120.0,866,0.3,300,43.76677409998956,4096
867,120.0,867,0.3,300,43.81052609998733,4096
868,120.0,868,0.3,300,43.84223869998823,4096
869,120.0,869,0.3,300,43.88006479998876,4096
870,120.0,870,0.3,300,43.925159799997346,4096
871,120.0,871,0.3,300,43.967565999992075,4096
872,120.0,872,0.3,300,44.005334299989045,4096
873,120.0,873,0.3,300,44.05336159998842,4096
874,120.0,874,0.3,300,44.13047329999972,4096
875,120.0,875,0.3,300,44.21017259999644,4096
876,120.0,876,0.3,300,44.26722529999097,4096
877,120.0,877,0.3,300,44.3114549999882,4096
878,120.0,878,0.3,300,44.36122079999768,4096
879,120.0,879,0.3,300,44.41624819999561,4096
880,120.0,880,0.3,300,44.467010799999116,4096
881,120.0,881,0.3,300,44.51223679998657,4096
882,120.0,882,0.3,300,44.55634640000062,4096
883,120.0,883,0.3,300,44.600740800000494,4096
884,120.0,884,0.3,300,44.64633449999383,4096
885,120.0,885,0.3,300,44.696333599989885,4096
886,120.0,886,0.3,300,44.741531899999245,4096
887,120.0,887,0.3,300,44.78841349999129,4096
888,120.0,888,0.3,300,44.82919899999979,4096
889,120.0,889,0.3,300,44.872739699989324,4096
890,120.0,890,0.3,300,44.907129499988514,4096
891,120.0,891,0.3,300,44.94303849998687,4096
892,120.0,892,0.3,300,44.978245499994955,4096
893,120.0,893,0.3,300,45.01436789998843,4096
894,120.0,894,0.3,300,45.04762539999501,4096
895,120.0,895,0.3,300,45.078336699996726,4096
896,120.0,896,0.3,300,45.11328449999564,4096
897,120.0,897,0.3,300,45.14648729999317,4096
898,120.0,898,0.3,300,45.17735759999778,4096
899,120.0,899,0.3,300,45.20982129999902,4096
900,120.0,900,0.3,300,45.251009899991914,4096
901,120.0,901,0.3,300,45.294761599987396,4096
902,120.0,902,0.3,300,45.33868279999297,4096
903,120.0,903,0.3,300,45.39032389999193,4096
904,120.0,904,0.3,300,45.44535159999214,4096
905,120.0,905,0.3,300,45.48451149999164,4096
906,120.0,906,0.3,300,45.58077539999795,4096
907,120.0,907,0.3,300,45.6203075999947,4096
908,120.0,908,0.3,300,45.66381949999777,4096
909,120.0,909,0.3,300,45.71321849999367,4096
910,120.0,910,0.3,300,45.763567099987995,4096
911,120.0,911,0.3,300,45.81187900000077,4096
912,120.0,912,0.3,300,45.859638499998255,4096
913,120.0,913,0.3,300,45.91377499999362,4096
914,120.0,914,0.3,300,45.95507379999617,4096
915,120.0,915,0.3,300,46.00017599998682,4096
916,120.0,916,0.3,300,46.051339099998586,4096
917,120.0,917,0.3,300,46.114837599991006,4096
918,120.0,918,0.3,300,46.173131199990166,4096
919,120.0,919,0.3,300,46.247116200000164,4096
920,120.0,920,0.3,300,46.29750819999026,4096
921,120.0,921,0.3,300,46.34564529999625,4096
922,120.0,922,0.3,300,46.392956600000616,4096
923,120.0,923,0.3,300,46.43557560000045,4096
924,120.0,924,0.3,300,46.481419399991864,4096
925,120.0,925,0.3,300,46.52623999999196,4096
926,120.0,926,0.3,300,46.59004709999135,4096
927,120.0,927,0.3,300,46.68019539999659,4096
928,120.0,928,0.3,300,46.75109049999446,4096
929,120.0,929,0.3,300,46.82217879999371,4096
930,120.0,930,0.3,300,47.00297289999435,4096
931,120.0,931,0.3,300,47.15710839998792,4096
932,120.0,932,0.3,300,47.23088109999662,4096
933,120.0,933,0.3,300,47.30042479999247,4096
934,120.0,934,0.3,300,47.35878809999849,4096
935,120.0,935,0.3,300,47.41621209999721,4096
936,120.0,936,0.3,300,47.48593539999274,4096
937,120.0,937,0.3,300,47.53366009998717,4096
938,120.0,938,0.3,300,47.58065989999159,4096
939,120.0,939,0.3,300,47.630154899990885,4096
940,120.0,940,0.3,300,47.685348599989084,4096
941,120.0,941,0.3,300,47.73328089999268,4096
942,120.0,942,0.3,300,47.78078879999521,4096
943,120.0,943,0.3,300,47.82562789999065,4096
944,120.0,944,0.3,300,47.86625189999177,4096
945,120.0,945,0.3,300,47.90248029999202,4096
946,120.0,946,0.3,300,47.93620599999849,4096
947,120.0,947,0.3,300,47.96751669999503,4096
948,120.0,948,0.3,300,47.99677919999522,4096
949,120.0,949,0.3,300,48.02968699998746,4096
950,120.0,950,0.3,300,48.05956499998865,4096
951,120.0,951,0.3,300,48.08864809999068,4096
952,120.0,952,0.3,300,48.13199499998882,4096
953,120.0,953,0.3,300,48.17698639999435,4096
954,120.0,954,0.3,300,48.209058799999184,4096
955,120.0,955,0.3,300,48.26875769998878,4096
956,120.0,956,0.3,300,48.31785179999133,4096
957,120.0,957,0.3,300,48.37600159998692,4096
958,120.0,958,0.3,300,48.43468549998943,4096
959,120.0,959,0.3,300,48.47509419999551,4096
960,120.0,960,0.3,300,48.52002219999849,4096
961,120.0,961,0.3,300,48.56850969999505,4096
962,120.0,962,0.3,300,48.614950899995165,4096
963,120.0,963,0.3,300,48.66499069999554,4096
964,120.0,964,0.3,300,48.715409699987504,4096
965,120.0,965,0.3,300,48.77466339999228,4096
966,120.0,966,0.3,300,48.82058289999259,4096
967,120.0,967,0.3,300,48.874865599995246,4096
968,120.0,968,0.3,300,48.91934889998811,4096
969,120.0,969,0.3,300,48.96511199999077,4096
970,120.0,970,0.3,300,49.00096909998683,4096
971,120.0,971,0.3,300,49.033897999994224,4096
972,120.0,972,0.3,300,49.06421219999902,4096
973,120.0,973,0.3,300,49.10226309999416,4096
974,120.0,974,0.3,300,49.13495609999518,4096
975,120.0,975,0.3,300,49.16558939999959,4096
976,120.0,976,0.3,300,49.194988399991416,4096
977,120.0,977,0.3,300,49.22530089999782,4096
978,120.0,978,0.3,300,49.257678099995246,4096
979,120.0,979,0.3,300,49.28869569998642,4096
980,120.0,980,0.3,300,49.32687249999435,4096
981,120.0,981,0.3,300,49.36117309999827,4096
982,120.0,982,0.3,300,49.393653999999515,4096
983,120.0,983,0.3,300,49.44771919999039,4096
984,120.0,984,0.3,300,49.51699389998976,4096
985,120.0,985,0.3,300,49.58740389999002,4096
986,120.0,986,0.3,300,49.65988309998647,4096
987,120.0,987,0.3,300,49.757869900000514,4096
988,120.0,988,0.3,300,49.82375049999973,4096
989,120.0,989,0.3,300,49.87169169999834,4096
990,120.0,990,0.3,300,49.919196699993336,4096
991,120.0,991,0.3,300,49.986993399987114,4096
992,120.0,992,0.3,300,50.10748359998979,4096
993,120.0,993,0.3,300,50.23293779999949,4096
994,120.0,994,0.3,300,50.317326599993976,4096
995,120.0,995,0.3,300,50.44856589999108,4096
996,120.0,996,0.3,300,50.518615399996634,4096
997,120.0,997,0.3,300,50.569637099994,4096
998,120.0,998,0.3,300,50.61839279999549,4096
999,120.0,999,0.3,300,50.67031109999516,4096
1000,120.0,1000,0.3,300,50.72177509999892,4096
1001,120.0,1001,0.3,300,50.7683965999895,4096
1002,120.0,1002,0.3,300,50.813841199997114,4096
1003,120.0,1003,0.3,300,50.88232979999157,4096
1004,120.0,1004,0.3,300,50.95703649999632,4096
1005,120.0,1005,0.3,300,51.05889000000025,4096
1006,120.0,1006,0.3,300,51.18953249999322,4096
1007,120.0,1007,0.3,300,51.29973020000034,4096
1008,120.0,1008,0.3,300,51.38673649998964,4096
1009,120.0,1009,0.3,300,51.4698989999888,4096
1010,120.0,1010,0.3,300,51.547751499994774,4096
1011,120.0,1011,0.3,300,51.610490199993365,4096
1012,120.0,1012,0.3,300,51.66569929999241,4096
1013,120.0,1013,0.3,300,51.72973859999911,4096
1014,120.0,1014,0.3,300,51.78544839999813,4096
1015,120.0,1015,0.3,300,51.85157759999856,4096
1016,120.0,1016,0.3,300,51.926352299997234,4096
1017,120.0,1017,0.3,300,51.9989840999915,4096
1018,120.0,1018,0.3,300,52.097598199994536,4096
1019,120.0,1019,0.3,300,52.186301099995035,4096
1020,120.0,1020,0.3,300,52.2587724999903,4096
1021,120.0,1021,0.3,300,52.35332969999581,4096
1022,120.0,1022,0.3,300,52.46950479999941,4096
1023,120.0,1023,0.3,300,52.54270700000052,4096
1024,120.0,1024,0.3,300,52.595983799998066,4096
1025,120.0,1025,0.3,300,52.68371610000031,4096
1026,120.0,1026,0.3,300,52.72953129999223,4096
1027,120.0,1027,0.3,300,52.76146909999079,4096
1028,120.0,1028,0.3,300,52.79361209999479,4096
1029,120.0,1029,0.3,300,52.83285849999811,4096
1030,120.0,1030,0.3,300,52.86659629999485,4096
1031,120.0,1031,0.3,300,52.903678499991656,4096
1032,120.0,1032,0.3,300,52.93651819998922,4096
1033,120.0,1033,0.3,300,52.96791969999322,4096
1034,120.0,1034,0.3,300,53.003432199999224,4096
1035,120.0,1035,0.3,300,53.067657099993085,4096
1036,120.0,1036,0.3,300,53.1566759999987,4096
1037,120.0,1037,0.3,300,53.24170719999529,4096
1038,120.0,1038,0.3,300,53.35639609998907,4096
1039,120.0,1039,0.3,300,53.43156459998863,4096
1040,120.0,1040,0.3,300,53.50971069998923,4096
1041,120.0,1041,0.3,300,53.56902599999739,4096
1042,120.0,1042,0.3,300,53.615793699995265,4096
1043,120.0,1043,0.3,300,53.65819409998949,4096
1044,120.0,1044,0.3,300,53.694997899990994,4096
1045,120.0,1045,0.3,300,53.72863769999822,4096
1046,120.0,1046,0.3,300,53.77392899998813,4096
1047,120.0,1047,0.3,300,53.823199199992814,4096
1048,120.0,1048,0.3,300,53.861866699997336,4096
1049,120.0,1049,0.3,300,53.909914399991976,4096
1050,120.0,1050,0.3,300,53.97772329999134,4096
1051,120.0,1051,0.3,300,54.06313079998654,4096
1052,120.0,1052,0.3,300,54.12533579999581,4096
1053,120.0,1053,0.3,300,54.179366999989725,4096
1054,120.0,1054,0.3,300,54.23119519998727,4096
1055,120.0,1055,0.3,300,54.27421350000077,4096
1056,120.0,1056,0.3,300,54.3267147999868,4096
1057,120.0,1057,0.3,300,54.454398899993976,4096
1058,120.0,1058,0.3,300,54.496559699997306,4096
1059,120.0,1059,0.3,300,54.543815799988806,4096
1060,120.0,1060,0.3,300,54.594221799998195,4096
1061,120.0,1061,0.3,300,54.641592799991486,4096
1062,120.0,1062,0.3,300,54.69514709999203,4096
1063,120.0,1063,0.3,300,54.74173829999927,4096
1064,120.0,1064,0.3,300,54.80493529999512,4096
1065,120.0,1065,0.3,300,54.848327899992,4096
1066,120.0,1066,0.3,300,54.89144359999045,4096
1067,120.0,1067,0.3,300,54.940125299996,4096
1068,120.0,1068,0.3,300,54.97797019999416,4096
1069,120.0,1069,0.3,300,55.06124439999985,4096
1070,120.0,1070,0.3,300,55.22342039999785,4096
1071,120.0,1071,0.3,300,55.39535929998965,4096
1072,120.0,1072,0.3,300,55.50411979999626,4096
1073,120.0,1073,0.3,300,55.60874619999959,4096
1074,120.0,1074,0.3,300,55.64391169999726,4096
1075,120.0,1075,0.3,300,55.68561889999546,4096
1076,120.0,1076,0.3,300,55.72227769999881,4096
1077,120.0,1077,0.3,300,55.76460649998626,4096
1078,120.0,1078,0.3,300,55.81330789999629,4096
1079,120.0,1079,0.3,300,55.86466789999395,4096
1080,120.0,1080,0.3,300,55.91172979999101,4096
1081,120.0,1081,0.3,300,55.95967159999418,4096
1082,120.0,1082,0.3,300,56.00639669998782,4096
1083,120.0,1083,0.3,300,56.05364539999573,4096
1084,120.0,1084,0.3,300,56.096103199990466,4096
1085,120.0,1085,0.3,300,56.13731249999546,4096
1086,120.0,1086,0.3,300,56.17408519999299,4096
1087,120.0,1087,0.3,300,56.20826010000019,4096
1088,120.0,1088,0.3,300,56.2414609999978,4096
